Etouffee,CAJUN,step 1.  first  mix.  step 2. bake.,step 1.  first  mix.  step 2. bake.,3,1,CUP,STEW,Chocolate Chips,0,TABLESPOON,
Green Bean Almondine,FRENCH,step 1. step N.,step 1. step N.,4,3,KILOGRAM,SIDE,Beef Tenderloin,0,,Knife,1,KILOGRAM,
Gyros,GREEK,step 1.  first  mix.  step 2. bake.,step 1.  first  mix.  step 2. bake.,3,1,POUND,MAIN,Chocolate Chips,0,,Butter organic,0,DOZEN,Eggs,2.2,,
Keilbasa Sausage,GERMAN,adsf,adsf,4,23,POUND,SANDWICH,
Naan Bread,INDIAN,step 1.  first  mix.  step 2. bake.`step 3. create a new line here,step 1.  first  mix.  step 2. bake.`step 3. create a new line here,6,4,POUND,BREAD,Eggs,2,TABLESPOON,Butter organic,5,TEASPOON,
Paella,SPANISH,step 1.  first  mix.  step 2. bake.,step 1.  first  mix.  step 2. bake.,3,1,POUND,MAIN,Cheddar Cheese,456.7,OUNCEFLUID,Beef Tenderloin,2,MILLILITER,
Spicy Salmon Roll,JAPANESE,step 1.`step 2.,step 1.`step 2.,6,12,EACH,SUSHI,
Teff Bread,ETHIOPIAN,step 1.`step 2.,step 1.`step 2.,4,1,POUND,BREAD,
Turkish Delights,TURKISH,step 1.  first  mix.  step 2. bake.,step 1.  first  mix.  step 2. bake.,3,1,POUND,DESSERT,Cinnamon,0,POUND,Peanut Butter,2,QUART,
Awesome Sauce,FILIPINO,step 1.`Step 2.,step 1.`Step 2.,4,3,DOZEN,SNACK,
